-- phpMyAdmin SQL Dump
-- version 5.0.1
-- https://www.phpmyadmin.net/
--
-- Host: 127.0.0.1
-- Generation Time: Feb 13, 2020 at 01:08 PM
-- Server version: 10.4.11-MariaDB
-- PHP Version: 7.4.1

SET SQL_MODE = "NO_AUTO_VALUE_ON_ZERO";
SET AUTOCOMMIT = 0;
START TRANSACTION;
SET time_zone = "+00:00";


/*!40101 SET @OLD_CHARACTER_SET_CLIENT=@@CHARACTER_SET_CLIENT */;
/*!40101 SET @OLD_CHARACTER_SET_RESULTS=@@CHARACTER_SET_RESULTS */;
/*!40101 SET @OLD_COLLATION_CONNECTION=@@COLLATION_CONNECTION */;
/*!40101 SET NAMES utf8mb4 */;

--
-- Database: `edu_documentation`
--
CREATE DATABASE IF NOT EXISTS `edu_documentation` DEFAULT CHARACTER SET utf8mb4 COLLATE utf8mb4_general_ci;
USE `edu_documentation`;

-- --------------------------------------------------------

--
-- Table structure for table `day`
--

CREATE TABLE `day` (
  `id` int(11) NOT NULL,
  `user_id` int(11) NOT NULL,
  `date_of_day` date NOT NULL,
  `description` text COLLATE utf8_german2_ci NOT NULL,
  `hours` text COLLATE utf8_german2_ci NOT NULL,
  `totalHours` float NOT NULL DEFAULT 0,
  `modul_id` int(11) NOT NULL
) ENGINE=InnoDB DEFAULT CHARSET=utf8 COLLATE=utf8_german2_ci;

--
-- Dumping data for table `day`
--

INSERT INTO `day` (`id`, `user_id`, `date_of_day`, `description`, `hours`, `totalHours`, `modul_id`) VALUES
(9, 5, '2020-02-17', 'sadsadsad\r\nasd\r\nasd\r\nasd', '7\r\n5.1\r\n1\r\n5,5', 18.6, 11),
(10, 5, '2020-02-18', '', '0', 0, 1),
(11, 5, '2020-02-19', '', '0', 0, 1),
(12, 5, '2020-02-20', '', '0', 0, 1),
(13, 5, '2020-02-21', '', '0', 0, 1),
(14, 5, '2020-02-22', '', '0', 0, 1),
(15, 5, '2020-02-23', '', '0', 0, 1),
(16, 5, '2020-02-10', 'Hello WOrldfsdf', '5\r\n8', 13, 12),
(17, 5, '2020-02-11', 'Lorem ipsum dolor sit amet, consetetur sadipscing elitr, sed diam nonumy eirmod\r\n\r\ntempor invidunt ut labore et dolore magna aliquyam erat', '2\r\n\r\n\r\n6', 8, 3),
(18, 5, '2020-02-12', 'Working Copy', '8', 8, 7),
(19, 5, '2020-02-13', 'Lorem ipsum dolor sit amet, consetetur sadipscing elitr, sed diam nonumy eirmod tempor invidunt ut labore et dolore magna aliquyam erat', '8', 8, 2),
(20, 5, '2020-02-14', 'Lorem ipsum dolor sit amet, consetetur sadipscing elitr, sed diam nonumy eirmod tempor invidunt ut labore et dolore magna aliquyam erat', '8', 8, 15),
(21, 5, '2020-02-15', '', '', 0, 15),
(22, 5, '2020-02-16', '', '', 0, 15),
(23, 5, '2020-02-24', 'Hey osssdsada', '0', 0, 1),
(24, 5, '2020-02-25', '', '0', 0, 1),
(25, 5, '2020-02-26', '', '0', 0, 1),
(26, 5, '2020-02-27', '', '0', 0, 1),
(27, 5, '2020-02-28', '', '0', 0, 1),
(28, 5, '2020-02-29', '', '0', 0, 1),
(29, 5, '2020-03-01', '', '0', 0, 1),
(30, 5, '2020-03-02', '', '0', 0, 1),
(31, 5, '2020-03-03', '', '0', 0, 1),
(32, 5, '2020-03-04', '', '0', 0, 1),
(33, 5, '2020-03-05', '', '0', 0, 1),
(34, 5, '2020-03-06', '', '0', 0, 1),
(35, 5, '2020-03-07', '', '0', 0, 1),
(36, 5, '2020-03-08', '', '0', 0, 1),
(37, 5, '2020-02-03', '', '0', 0, 1),
(38, 5, '2020-02-04', '', '0', 0, 1),
(39, 5, '2020-02-05', '', '0', 0, 1),
(40, 5, '2020-02-06', '', '0', 0, 1),
(41, 5, '2020-02-07', '', '0', 0, 1),
(42, 5, '2020-02-08', '', '0', 0, 1),
(43, 5, '2020-02-09', '', '0', 0, 1),
(44, 5, '2020-01-27', '', '0', 0, 1),
(45, 5, '2020-01-28', '', '0', 0, 1),
(46, 5, '2020-01-29', '', '0', 0, 1),
(47, 5, '2020-01-30', '', '0', 0, 1),
(48, 5, '2020-01-31', '', '0', 0, 1),
(49, 5, '2020-02-01', '', '0', 0, 1),
(50, 5, '2020-02-02', '', '0', 0, 1),
(51, 5, '2020-01-20', '', '0', 0, 1),
(52, 5, '2020-01-21', '', '0', 0, 1),
(53, 5, '2020-01-22', '', '0', 0, 1),
(54, 5, '2020-01-23', '', '0', 0, 1),
(55, 5, '2020-01-24', '', '0', 0, 1),
(56, 5, '2020-01-25', '', '0', 0, 1),
(57, 5, '2020-01-26', '', '0', 0, 1),
(58, 5, '2019-02-25', '', '0', 0, 1),
(59, 5, '2019-02-26', '', '0', 0, 1),
(60, 5, '2019-02-27', '', '0', 0, 1),
(61, 5, '2019-02-28', '', '0', 0, 1),
(62, 5, '2019-03-01', '', '0', 0, 1),
(63, 5, '2019-03-02', '', '0', 0, 1),
(64, 5, '2019-03-03', '', '0', 0, 1),
(65, 5, '2019-02-18', '', '0', 0, 1),
(66, 5, '2019-02-19', '', '0', 0, 1),
(67, 5, '2019-02-20', '', '0', 0, 1),
(68, 5, '2019-02-21', '', '0', 0, 1),
(69, 5, '2019-02-22', '', '0', 0, 1),
(70, 5, '2019-02-23', '', '0', 0, 1),
(71, 5, '2019-02-24', '', '0', 0, 1),
(72, 5, '2019-02-11', '', '0', 0, 1),
(73, 5, '2019-02-12', '', '0', 0, 1),
(74, 5, '2019-02-13', '', '0', 0, 1),
(75, 5, '2019-02-14', '', '0', 0, 1),
(76, 5, '2019-02-15', '', '0', 0, 1),
(77, 5, '2019-02-16', '', '0', 0, 1),
(78, 5, '2019-02-17', '', '0', 0, 1),
(79, 5, '2019-03-04', '', '0', 0, 1),
(80, 5, '2019-03-05', '', '0', 0, 1),
(81, 5, '2019-03-06', '', '0', 0, 1),
(82, 5, '2019-03-07', '', '0', 0, 1),
(83, 5, '2019-03-08', '', '0', 0, 1),
(84, 5, '2019-03-09', '', '0', 0, 1),
(85, 5, '2019-03-10', '', '0', 0, 1),
(86, 5, '2019-03-11', '', '0', 0, 1),
(87, 5, '2019-03-12', '', '0', 0, 1),
(88, 5, '2019-03-13', '', '0', 0, 1),
(89, 5, '2019-03-14', '', '0', 0, 1),
(90, 5, '2019-03-15', '', '0', 0, 1),
(91, 5, '2019-03-16', '', '0', 0, 1),
(92, 5, '2019-03-17', '', '0', 0, 1),
(93, 5, '2019-03-18', '', '0', 0, 1),
(94, 5, '2019-03-19', '', '0', 0, 1),
(95, 5, '2019-03-20', '', '0', 0, 1),
(96, 5, '2019-03-21', '', '0', 0, 1),
(97, 5, '2019-03-22', '', '0', 0, 1),
(98, 5, '2019-03-23', '', '0', 0, 1),
(99, 5, '2019-03-24', '', '0', 0, 1),
(100, 5, '2019-03-25', '', '0', 0, 1),
(101, 5, '2019-03-26', '', '0', 0, 1),
(102, 5, '2019-03-27', '', '0', 0, 1),
(103, 5, '2019-03-28', '', '0', 0, 1),
(104, 5, '2019-03-29', '', '0', 0, 1),
(105, 5, '2019-03-30', '', '0', 0, 1),
(106, 5, '2019-03-31', '', '0', 0, 1),
(107, 5, '2019-04-01', '', '0', 0, 1),
(108, 5, '2019-04-02', '', '0', 0, 1),
(109, 5, '2019-04-03', '', '0', 0, 1),
(110, 5, '2019-04-04', '', '0', 0, 1),
(111, 5, '2019-04-05', '', '0', 0, 1),
(112, 5, '2019-04-06', '', '0', 0, 1),
(113, 5, '2019-04-07', '', '0', 0, 1),
(114, 5, '2019-04-08', '', '0', 0, 1),
(115, 5, '2019-04-09', '', '0', 0, 1),
(116, 5, '2019-04-10', '', '0', 0, 1),
(117, 5, '2019-04-11', '', '0', 0, 1),
(118, 5, '2019-04-12', '', '0', 0, 1),
(119, 5, '2019-04-13', '', '0', 0, 1),
(120, 5, '2019-04-14', '', '0', 0, 1),
(121, 5, '2019-09-02', '', '0', 0, 1),
(122, 5, '2019-09-03', '', '0', 0, 1),
(123, 5, '2019-09-04', '', '0', 0, 1),
(124, 5, '2019-09-05', '', '0', 0, 1),
(125, 5, '2019-09-06', '', '0', 0, 1),
(126, 5, '2019-09-07', '', '0', 0, 1),
(127, 5, '2019-09-08', '', '0', 0, 1),
(128, 5, '2019-09-02', 'Hello ', '0', 0, 1),
(129, 5, '2019-09-03', '', '0', 0, 1),
(130, 5, '2019-09-04', '', '0', 0, 1),
(131, 5, '2019-09-05', '', '0', 0, 1),
(132, 5, '2019-09-06', '', '0', 0, 1),
(133, 5, '2019-09-07', '', '0', 0, 1),
(134, 5, '2019-09-08', '', '0', 0, 1),
(135, 5, '2019-09-02', '', '0', 0, 1),
(136, 5, '2019-09-03', '', '0', 0, 1),
(137, 5, '2019-09-04', '', '0', 0, 1),
(138, 5, '2019-09-05', '', '0', 0, 1),
(139, 5, '2019-09-06', '', '0', 0, 1),
(140, 5, '2019-09-07', '', '0', 0, 1),
(141, 5, '2019-09-08', '', '0', 0, 1),
(142, 5, '2019-09-02', '', '0', 0, 11),
(143, 5, '2019-09-03', '', '0', 0, 1),
(144, 5, '2019-09-04', '', '0', 0, 1),
(145, 5, '2019-09-05', '', '0', 0, 1),
(146, 5, '2019-09-06', '', '0', 0, 1),
(147, 5, '2019-09-07', '', '0', 0, 1),
(148, 5, '2019-09-08', '', '0', 0, 1),
(149, 5, '2019-09-02', '', '0', 0, 1),
(150, 5, '2019-09-03', '', '0', 0, 1),
(151, 5, '2019-09-04', '', '0', 0, 1),
(152, 5, '2019-09-05', '', '0', 0, 1),
(153, 5, '2019-09-06', '', '0', 0, 1),
(154, 5, '2019-09-07', '', '0', 0, 1),
(155, 5, '2019-09-08', '', '0', 0, 1),
(156, 5, '2019-09-02', 'Hello', '0', 0, 1),
(157, 5, '2019-09-03', '', '0', 0, 1),
(158, 5, '2019-09-04', '', '0', 0, 1),
(159, 5, '2019-09-05', '', '0', 0, 1),
(160, 5, '2019-09-06', '', '0', 0, 1),
(161, 5, '2019-09-07', '', '0', 0, 1),
(162, 5, '2019-09-08', '', '0', 0, 1),
(163, 5, '2019-09-02', '', '0', 0, 1),
(164, 5, '2019-09-03', '', '0', 0, 1),
(165, 5, '2019-09-04', '', '0', 0, 1),
(166, 5, '2019-09-05', '', '0', 0, 1),
(167, 5, '2019-09-06', '', '0', 0, 1),
(168, 5, '2019-09-07', '', '0', 0, 1),
(169, 5, '2019-09-08', '', '0', 0, 1),
(170, 5, '2019-09-02', '', '0', 0, 1),
(171, 5, '2019-09-03', '', '0', 0, 1),
(172, 5, '2019-09-04', 'dsfdsfsdfs', '0', 0, 1),
(173, 5, '2019-09-05', '', '0', 0, 1),
(174, 5, '2019-09-06', '', '0', 0, 1),
(175, 5, '2019-09-07', '', '0', 0, 1),
(176, 5, '2019-09-08', '', '0', 0, 1),
(177, 5, '2019-09-02', '', '0', 0, 1),
(178, 5, '2019-09-03', '', '0', 0, 1),
(179, 5, '2019-09-04', '', '0', 0, 1),
(180, 5, '2019-09-05', '', '0', 0, 1),
(181, 5, '2019-09-06', '', '0', 0, 1),
(182, 5, '2019-09-07', '', '0', 0, 1),
(183, 5, '2019-09-08', '', '0', 0, 1),
(185, 5, '2019-10-15', '', '0', 0, 1),
(186, 5, '2019-10-16', '', '0', 0, 1),
(187, 5, '2019-10-17', '', '0', 0, 1),
(188, 5, '2019-10-18', '', '0', 0, 1),
(189, 5, '2019-10-19', '', '0', 0, 1),
(190, 5, '2019-10-20', '', '0', 0, 1),
(192, 5, '2019-10-15', '', '0', 0, 1),
(193, 5, '2019-10-16', '', '0', 0, 1),
(194, 5, '2019-10-17', '', '0', 0, 1),
(195, 5, '2019-10-18', '', '0', 0, 1),
(196, 5, '2019-10-19', '', '0', 0, 1),
(197, 5, '2019-10-20', '', '0', 0, 1),
(199, 5, '2019-10-15', '', '0', 0, 1),
(200, 5, '2019-10-16', '', '0', 0, 1),
(201, 5, '2019-10-17', '', '0', 0, 1),
(202, 5, '2019-10-18', '', '0', 0, 1),
(203, 5, '2019-10-19', '', '0', 0, 1),
(204, 5, '2019-10-20', '', '0', 0, 1),
(206, 5, '2019-10-15', '', '0', 0, 1),
(207, 5, '2019-10-16', '', '0', 0, 1),
(208, 5, '2019-10-17', '', '0', 0, 1),
(209, 5, '2019-10-18', '', '0', 0, 1),
(210, 5, '2019-10-19', '', '0', 0, 1),
(211, 5, '2019-10-20', '', '0', 0, 1),
(213, 5, '2019-10-15', '', '0', 0, 1),
(214, 5, '2019-10-16', '', '0', 0, 1),
(215, 5, '2019-10-17', '', '0', 0, 1),
(216, 5, '2019-10-18', '', '0', 0, 1),
(217, 5, '2019-10-19', '', '0', 0, 1),
(218, 5, '2019-10-20', '', '0', 0, 1),
(220, 5, '2019-10-15', '', '0', 0, 1),
(221, 5, '2019-10-16', '', '0', 0, 1),
(222, 5, '2019-10-17', '', '0', 0, 1),
(223, 5, '2019-10-18', '', '0', 0, 1),
(224, 5, '2019-10-19', '', '0', 0, 1),
(225, 5, '2019-10-20', '', '0', 0, 1),
(227, 5, '2019-10-15', '', '0', 0, 1),
(228, 5, '2019-10-16', '', '0', 0, 1),
(229, 5, '2019-10-17', '', '0', 0, 1),
(230, 5, '2019-10-18', '', '0', 0, 1),
(231, 5, '2019-10-19', '', '0', 0, 1),
(232, 5, '2019-10-20', '', '0', 0, 1),
(233, 5, '2019-10-21', '', '0', 0, 1),
(234, 5, '2019-10-22', '', '0', 0, 1),
(235, 5, '2019-10-23', '', '0', 0, 1),
(236, 5, '2019-10-24', '', '0', 0, 1),
(237, 5, '2019-10-25', '', '0', 0, 1),
(238, 5, '2019-10-26', '', '0', 0, 1),
(239, 5, '2019-10-27', '', '0', 0, 1),
(240, 5, '2019-10-14', 'sadsadad', '0', 0, 1),
(241, 5, '2019-10-15', '', '0', 0, 1),
(242, 5, '2019-10-16', '', '0', 0, 1),
(243, 5, '2019-10-17', '', '0', 0, 1),
(244, 5, '2019-10-18', '', '0', 0, 1),
(245, 5, '2019-10-19', '', '0', 0, 1),
(246, 5, '2019-10-20', '', '0', 0, 1),
(247, 5, '2019-10-07', 'sadasdad', '0', 0, 1),
(248, 5, '2019-10-08', 'asdsadas', '0', 0, 1),
(249, 5, '2019-10-09', 'adasda', '0', 0, 1),
(250, 5, '2019-10-10', '', '0', 0, 1),
(251, 5, '2019-10-11', '', '0', 0, 1),
(252, 5, '2019-10-12', '', '0', 0, 1),
(253, 5, '2019-10-13', '', '0', 0, 1),
(254, 5, '2019-10-15', '', '0', 0, 1),
(255, 5, '2019-10-16', '', '0', 0, 1),
(256, 5, '2019-10-17', '', '0', 0, 1),
(257, 5, '2019-10-18', '', '0', 0, 1),
(258, 5, '2019-10-19', '', '0', 0, 1),
(259, 5, '2019-10-20', '', '0', 0, 1),
(260, 5, '2019-10-15', '', '0', 0, 1),
(261, 5, '2019-10-16', '', '0', 0, 1),
(262, 5, '2019-10-17', '', '0', 0, 1),
(263, 5, '2019-10-18', '', '0', 0, 1),
(264, 5, '2019-10-19', '', '0', 0, 1),
(265, 5, '2019-10-20', '', '0', 0, 1),
(266, 5, '2019-10-15', '', '0', 0, 1),
(267, 5, '2019-10-16', '', '0', 0, 1),
(268, 5, '2019-10-17', '', '0', 0, 1),
(269, 5, '2019-10-18', '', '0', 0, 1),
(270, 5, '2019-10-19', '', '0', 0, 1),
(271, 5, '2019-10-20', '', '0', 0, 1),
(272, 5, '2019-09-30', '', '0', 0, 1),
(273, 5, '2019-10-01', '', '0', 0, 1),
(274, 5, '2019-10-02', '', '0', 0, 1),
(275, 5, '2019-10-03', '', '0', 0, 1),
(276, 5, '2019-10-04', '', '0', 0, 1),
(277, 5, '2019-10-05', '', '0', 0, 1),
(278, 5, '2019-10-06', '', '0', 0, 1),
(279, 5, '2019-09-23', '', '0', 0, 1),
(280, 5, '2019-09-24', '', '0', 0, 1),
(281, 5, '2019-09-25', '', '0', 0, 1),
(282, 5, '2019-09-26', '', '0', 0, 1),
(283, 5, '2019-09-27', '', '0', 0, 1),
(284, 5, '2019-09-28', '', '0', 0, 1),
(285, 5, '2019-09-29', '', '0', 0, 1),
(286, 5, '2019-09-23', 'asdasda', '0', 0, 1),
(287, 5, '2019-09-24', '', '0', 0, 1),
(288, 5, '2019-09-25', '', '0', 0, 1),
(289, 5, '2019-09-26', '', '0', 0, 1),
(290, 5, '2019-09-27', '', '0', 0, 1),
(291, 5, '2019-09-28', '', '0', 0, 1),
(292, 5, '2019-09-29', '', '0', 0, 1),
(293, 5, '2019-09-23', '', '0', 0, 1),
(294, 5, '2019-09-24', '', '0', 0, 1),
(295, 5, '2019-09-25', '', '0', 0, 1),
(296, 5, '2019-09-26', '', '0', 0, 1),
(297, 5, '2019-09-27', '', '0', 0, 1),
(298, 5, '2019-09-28', '', '0', 0, 1),
(299, 5, '2019-09-29', '', '0', 0, 1),
(300, 5, '2019-09-16', '', '0', 0, 1),
(301, 5, '2019-09-17', '', '0', 0, 1),
(302, 5, '2019-09-18', '', '0', 0, 1),
(303, 5, '2019-09-19', '', '0', 0, 1),
(304, 5, '2019-09-20', '', '0', 0, 1),
(305, 5, '2019-09-21', '', '0', 0, 1),
(306, 5, '2019-09-22', '', '0', 0, 1),
(307, 5, '2019-09-23', '', '0', 0, 1),
(308, 5, '2019-09-24', '', '0', 0, 1),
(309, 5, '2019-09-25', '', '0', 0, 1),
(310, 5, '2019-09-26', '', '0', 0, 1),
(311, 5, '2019-09-27', '', '0', 0, 1),
(312, 5, '2019-09-28', '', '0', 0, 1),
(313, 5, '2019-09-29', '', '0', 0, 1),
(314, 5, '2019-09-23', 'sfdsfsdfdfsfdsfsdf sdfd fds', '0', 0, 1),
(315, 5, '2019-09-24', '', '0', 0, 1),
(316, 5, '2019-09-25', '', '0', 0, 1),
(317, 5, '2019-09-26', '', '0', 0, 1),
(318, 5, '2019-09-27', '', '0', 0, 1),
(319, 5, '2019-09-28', '', '0', 0, 1),
(320, 5, '2019-09-29', '', '0', 0, 1),
(321, 5, '2019-09-23', '', '0', 0, 1),
(322, 5, '2019-09-24', '', '0', 0, 1),
(323, 5, '2019-09-25', '', '0', 0, 1),
(324, 5, '2019-09-26', '', '0', 0, 1),
(325, 5, '2019-09-27', '', '0', 0, 1),
(326, 5, '2019-09-28', '', '0', 0, 1),
(327, 5, '2019-09-29', '', '0', 0, 1),
(328, 5, '2019-09-23', '', '0', 0, 1),
(329, 5, '2019-09-24', '', '0', 0, 1),
(330, 5, '2019-09-25', '', '0', 0, 1),
(331, 5, '2019-09-26', '', '0', 0, 1),
(332, 5, '2019-09-27', '', '0', 0, 1),
(333, 5, '2019-09-28', '', '0', 0, 1),
(334, 5, '2019-09-29', '', '0', 0, 1),
(335, 5, '2019-09-23', '', '0', 0, 1),
(336, 5, '2019-09-24', '', '0', 0, 1),
(337, 5, '2019-09-25', '', '0', 0, 1),
(338, 5, '2019-09-26', '', '0', 0, 1),
(339, 5, '2019-09-27', '', '0', 0, 1),
(340, 5, '2019-09-28', '', '0', 0, 1),
(341, 5, '2019-09-29', '', '0', 0, 1),
(342, 5, '2019-09-23', '', '0', 0, 1),
(343, 5, '2019-09-24', '', '0', 0, 1),
(344, 5, '2019-09-25', '', '0', 0, 1),
(345, 5, '2019-09-26', '', '0', 0, 1),
(346, 5, '2019-09-27', '', '0', 0, 1),
(347, 5, '2019-09-28', '', '0', 0, 1),
(348, 5, '2019-09-29', '', '0', 0, 1),
(349, 5, '2019-09-23', 'fdsfsdfs', '0', 0, 1),
(350, 5, '2019-09-24', '', '0', 0, 1),
(351, 5, '2019-09-25', '', '0', 0, 1),
(352, 5, '2019-09-26', '', '0', 0, 1),
(353, 5, '2019-09-27', '', '0', 0, 1),
(354, 5, '2019-09-28', '', '0', 0, 1),
(355, 5, '2019-09-29', '', '0', 0, 1),
(356, 5, '2019-09-23', '', '0', 0, 1),
(357, 5, '2019-09-24', '', '0', 0, 1),
(358, 5, '2019-09-25', '', '0', 0, 1),
(359, 5, '2019-09-26', '', '0', 0, 1),
(360, 5, '2019-09-27', '', '0', 0, 1),
(361, 5, '2019-09-28', '', '0', 0, 1),
(362, 5, '2019-09-29', '', '0', 0, 1),
(363, 5, '2019-09-23', 'sdfsdfsdfsdf', '0', 0, 1),
(364, 5, '2019-09-24', '', '0', 0, 1),
(365, 5, '2019-09-25', '', '0', 0, 1),
(366, 5, '2019-09-26', '', '0', 0, 1),
(367, 5, '2019-09-27', '', '0', 0, 1),
(368, 5, '2019-09-28', '', '0', 0, 1),
(369, 5, '2019-09-29', '', '0', 0, 1),
(370, 5, '2019-09-23', '', '0', 0, 1),
(371, 5, '2019-09-24', '', '0', 0, 1),
(372, 5, '2019-09-25', '', '0', 0, 1),
(373, 5, '2019-09-26', '', '0', 0, 1),
(374, 5, '2019-09-27', '', '0', 0, 1),
(375, 5, '2019-09-28', '', '0', 0, 1),
(376, 5, '2019-09-29', '', '0', 0, 1),
(377, 5, '2019-09-23', 'sdfsdfsdfsdfs', '0', 0, 1),
(378, 5, '2019-09-24', '', '0', 0, 1),
(379, 5, '2019-09-25', '', '0', 0, 1),
(380, 5, '2019-09-26', '', '0', 0, 1),
(381, 5, '2019-09-27', '', '0', 0, 1),
(382, 5, '2019-09-28', '', '0', 0, 1),
(383, 5, '2019-09-29', '', '0', 0, 1),
(384, 5, '2019-09-23', '', '0', 0, 1),
(385, 5, '2019-09-24', '', '0', 0, 1),
(386, 5, '2019-09-25', '', '0', 0, 1),
(387, 5, '2019-09-26', '', '0', 0, 1),
(388, 5, '2019-09-27', '', '0', 0, 1),
(389, 5, '2019-09-28', '', '0', 0, 1),
(390, 5, '2019-09-29', '', '0', 0, 1),
(391, 5, '2019-09-23', '', '0', 0, 1),
(392, 5, '2019-09-24', '', '0', 0, 1),
(393, 5, '2019-09-25', '', '0', 0, 1),
(394, 5, '2019-09-26', '', '0', 0, 1),
(395, 5, '2019-09-27', '', '0', 0, 1),
(396, 5, '2019-09-28', '', '0', 0, 1),
(397, 5, '2019-09-29', '', '0', 0, 1),
(398, 5, '2019-08-26', 'sadasdsa', '0', 0, 1),
(399, 5, '2019-08-27', 'sfdsfsdf', '0', 0, 1),
(400, 5, '2019-08-28', '', '0', 0, 1),
(401, 5, '2019-08-29', '', '0', 0, 1),
(402, 5, '2019-08-30', '', '0', 0, 1),
(403, 5, '2019-08-31', '', '0', 0, 1),
(404, 5, '2019-09-01', '', '0', 0, 1),
(405, 5, '2019-09-02', '', '0', 0, 1),
(406, 5, '2019-09-03', '', '0', 0, 1),
(407, 5, '2019-09-04', '', '0', 0, 1),
(408, 5, '2019-09-05', '', '0', 0, 1),
(409, 5, '2019-09-06', '', '0', 0, 1),
(410, 5, '2019-09-07', '', '0', 0, 1),
(411, 5, '2019-09-08', '', '0', 0, 1),
(412, 5, '2019-09-02', '', '0', 0, 1),
(413, 5, '2019-09-03', '', '0', 0, 1),
(414, 5, '2019-09-04', '', '0', 0, 1),
(415, 5, '2019-09-05', '', '0', 0, 1),
(416, 5, '2019-09-06', '', '0', 0, 1),
(417, 5, '2019-09-07', '', '0', 0, 1),
(418, 5, '2019-09-08', '', '0', 0, 1),
(419, 5, '2019-06-10', 'topic 1\r\n\r\ntopic 2', '5\r\n\r\n3,4\r\n2.1', 10.5, 12),
(420, 5, '2019-06-11', 'sasadsad', '5', 5, 1),
(421, 5, '2019-06-12', '', '0', 0, 1),
(422, 5, '2019-06-13', '', '0', 0, 1),
(423, 5, '2019-06-14', '', '0', 0, 1),
(424, 5, '2019-06-15', '', '0', 0, 1),
(425, 5, '2019-06-16', '', '0', 0, 1),
(426, 5, '2019-06-17', '', '0', 0, 1),
(427, 5, '2019-06-18', '', '0', 0, 1),
(428, 5, '2019-06-19', '', '0', 0, 1),
(429, 5, '2019-06-20', '', '0', 0, 1),
(430, 5, '2019-06-21', '', '0', 0, 1),
(431, 5, '2019-06-22', '', '0', 0, 1),
(432, 5, '2019-06-23', '', '0', 0, 1);

-- --------------------------------------------------------

--
-- Table structure for table `modul`
--

CREATE TABLE `modul` (
  `id` int(11) NOT NULL,
  `name` varchar(45) COLLATE utf8_german2_ci NOT NULL
) ENGINE=InnoDB DEFAULT CHARSET=utf8 COLLATE=utf8_german2_ci;

--
-- Dumping data for table `modul`
--

INSERT INTO `modul` (`id`, `name`) VALUES
(1, '~°ABWESEND°~'),
(2, 'Fachenglisch'),
(3, 'Wirtschafts- und Sozialkunde '),
(4, ' Netzwerktechnik'),
(5, 'IT-Systemtechnik 1 (Linux)'),
(6, 'Ferien'),
(7, 'Bewerbungstraining'),
(8, 'IT-Systemtechnik 2 (GLProgrammierung)'),
(9, 'Planung und Entwicklung (DB)'),
(10, 'IT-Systemtechnik 3 (Python | PHP | C# | C++)'),
(11, 'Fachunterricht 1 (Kernqualifikationen)'),
(12, 'Fachunterricht 2 (Kernqualifikationen)'),
(13, 'Planung und Entwicklung (PM | HTML | CSS)'),
(14, 'Fachunterricht 2 (Anwendungentwicklung)'),
(15, 'Praktikum'),
(16, 'Prüfungsvorbereitung (Doku / Präsentation)'),
(17, 'Prüfungsvorbereitung (schriftliche Prüfung)'),
(18, 'IHK Prüfung'),
(19, 'Prüfungsvorbereitung (mündliche Prüfung)');

-- --------------------------------------------------------

--
-- Table structure for table `notice`
--

CREATE TABLE `notice` (
  `id` int(11) NOT NULL,
  `user_id` int(11) NOT NULL,
  `notice_date` date NOT NULL,
  `notice` varchar(400) COLLATE utf8_german2_ci NOT NULL
) ENGINE=InnoDB DEFAULT CHARSET=utf8 COLLATE=utf8_german2_ci;

--
-- Dumping data for table `notice`
--

INSERT INTO `notice` (`id`, `user_id`, `notice_date`, `notice`) VALUES
(9, 5, '2020-02-17', 'Hallo Melli, it WORKS!'),
(10, 5, '2020-02-10', 'YEAH - It Works!'),
(11, 5, '2020-02-24', ''),
(12, 5, '2020-03-02', ''),
(13, 5, '2020-03-02', 's'),
(14, 5, '2020-02-03', ''),
(15, 5, '2020-01-27', ''),
(16, 5, '2020-01-20', ''),
(17, 5, '2020-03-02', ''),
(18, 5, '2020-03-02', ''),
(19, 5, '2020-03-02', ''),
(20, 5, '2019-02-25', ''),
(21, 5, '2019-02-18', ''),
(22, 5, '2019-02-11', ''),
(23, 5, '2019-03-04', ''),
(24, 5, '2019-03-11', ''),
(25, 5, '2019-03-18', ''),
(26, 5, '2019-03-25', ''),
(27, 5, '2019-04-01', ''),
(28, 5, '2019-04-08', ''),
(29, 5, '2020-03-02', ''),
(30, 5, '2019-09-02', ''),
(31, 5, '2019-09-02', ''),
(32, 5, '2019-09-02', ''),
(33, 5, '2019-09-02', ''),
(34, 5, '2019-09-02', ''),
(35, 5, '2019-09-02', ''),
(36, 5, '2019-09-02', ''),
(37, 5, '2019-09-02', ''),
(38, 5, '2019-09-02', ''),
(39, 5, '2019-10-14', ''),
(40, 5, '2019-10-14', ''),
(41, 5, '2019-10-14', ''),
(42, 5, '2019-10-14', ''),
(43, 5, '2019-10-14', ''),
(44, 5, '2019-10-14', ''),
(45, 5, '2019-10-14', ''),
(46, 5, '2019-10-21', ''),
(47, 5, '2019-10-14', ''),
(48, 5, '2019-10-07', ''),
(49, 5, '2019-10-14', ''),
(50, 5, '2019-10-14', ''),
(51, 5, '2019-10-14', ''),
(52, 5, '2019-09-30', ''),
(53, 5, '2019-09-23', ''),
(54, 5, '2019-09-23', ''),
(55, 5, '2019-09-23', ''),
(56, 5, '2019-09-16', ''),
(57, 5, '2019-09-23', ''),
(58, 5, '2019-09-23', ''),
(59, 5, '2019-09-23', ''),
(60, 5, '2019-09-23', ''),
(61, 5, '2019-09-23', ''),
(62, 5, '2019-09-23', ''),
(63, 5, '2019-09-23', ''),
(64, 5, '2019-09-23', ''),
(65, 5, '2019-09-23', ''),
(66, 5, '2019-09-23', ''),
(67, 5, '2019-09-23', ''),
(68, 5, '2019-09-23', ''),
(69, 5, '2019-09-23', ''),
(70, 5, '2019-08-26', ''),
(71, 5, '2019-08-26', ''),
(72, 5, '2019-08-26', ''),
(73, 5, '2019-09-02', ''),
(74, 5, '2019-08-26', ''),
(75, 5, '2019-08-26', ''),
(76, 5, '2019-08-26', ''),
(77, 5, '2019-09-02', ''),
(78, 5, '2019-08-26', ''),
(79, 5, '2019-06-10', ''),
(80, 5, '2019-06-10', ''),
(81, 5, '2019-06-10', ''),
(82, 5, '2019-06-10', ''),
(83, 5, '2019-06-10', ''),
(84, 5, '2019-06-17', ''),
(85, 5, '2019-06-10', ''),
(86, 5, '2019-06-10', ''),
(87, 5, '2019-06-10', ''),
(88, 5, '2019-06-10', ''),
(89, 5, '2019-06-10', ''),
(90, 5, '2019-06-10', ''),
(91, 5, '2019-06-10', ''),
(92, 5, '2019-06-10', ''),
(93, 5, '2019-06-10', ''),
(94, 5, '2019-06-10', ''),
(95, 5, '2019-06-10', '');

-- --------------------------------------------------------

--
-- Table structure for table `user`
--

CREATE TABLE `user` (
  `id` int(11) NOT NULL,
  `firstName` varchar(45) COLLATE utf8_german2_ci NOT NULL,
  `lastName` varchar(45) COLLATE utf8_german2_ci NOT NULL,
  `passWord` varchar(45) COLLATE utf8_german2_ci NOT NULL,
  `education_start_date` date NOT NULL
) ENGINE=InnoDB DEFAULT CHARSET=utf8 COLLATE=utf8_german2_ci;

--
-- Dumping data for table `user`
--

INSERT INTO `user` (`id`, `firstName`, `lastName`, `passWord`, `education_start_date`) VALUES
(4, 'Frank', 'Haha', 'FrankHaha', '2020-01-15'),
(5, 'John', 'Doe', 'ad695f53ae7569fb981fc95598e27e67', '2019-03-01');

--
-- Indexes for dumped tables
--

--
-- Indexes for table `day`
--
ALTER TABLE `day`
  ADD PRIMARY KEY (`id`),
  ADD KEY `user_id` (`user_id`),
  ADD KEY `department_id` (`modul_id`);

--
-- Indexes for table `modul`
--
ALTER TABLE `modul`
  ADD PRIMARY KEY (`id`);

--
-- Indexes for table `notice`
--
ALTER TABLE `notice`
  ADD PRIMARY KEY (`id`),
  ADD KEY `user_id` (`user_id`);

--
-- Indexes for table `user`
--
ALTER TABLE `user`
  ADD PRIMARY KEY (`id`);

--
-- AUTO_INCREMENT for dumped tables
--

--
-- AUTO_INCREMENT for table `day`
--
ALTER TABLE `day`
  MODIFY `id` int(11) NOT NULL AUTO_INCREMENT, AUTO_INCREMENT=433;

--
-- AUTO_INCREMENT for table `modul`
--
ALTER TABLE `modul`
  MODIFY `id` int(11) NOT NULL AUTO_INCREMENT, AUTO_INCREMENT=20;

--
-- AUTO_INCREMENT for table `notice`
--
ALTER TABLE `notice`
  MODIFY `id` int(11) NOT NULL AUTO_INCREMENT, AUTO_INCREMENT=96;

--
-- AUTO_INCREMENT for table `user`
--
ALTER TABLE `user`
  MODIFY `id` int(11) NOT NULL AUTO_INCREMENT, AUTO_INCREMENT=6;

--
-- Constraints for dumped tables
--

--
-- Constraints for table `day`
--
ALTER TABLE `day`
  ADD CONSTRAINT `day_ibfk_1` FOREIGN KEY (`user_id`) REFERENCES `user` (`id`),
  ADD CONSTRAINT `day_ibfk_2` FOREIGN KEY (`modul_id`) REFERENCES `modul` (`id`);

--
-- Constraints for table `notice`
--
ALTER TABLE `notice`
  ADD CONSTRAINT `notice_ibfk_1` FOREIGN KEY (`user_id`) REFERENCES `user` (`id`);
COMMIT;

/*!40101 SET CHARACTER_SET_CLIENT=@OLD_CHARACTER_SET_CLIENT */;
/*!40101 SET CHARACTER_SET_RESULTS=@OLD_CHARACTER_SET_RESULTS */;
/*!40101 SET COLLATION_CONNECTION=@OLD_COLLATION_CONNECTION */;
